File,Purpose,Lines,Status
README.md,Main documentation,4500+,✅ Complete
requirements.txt,Python dependencies,50+,✅ Complete
config.py,System configuration,200+,✅ Complete
app.py,Flask web application,350+,✅ Complete
index.html,Web dashboard,700+,✅ Complete
Dockerfile,Container image,30+,✅ Complete
docker-compose.yml,Multi-container setup,80+,✅ Complete
setup.py,Package distribution,80+,✅ Complete
CONTRIBUTING.md,Contribution guidelines,150+,✅ Complete
.gitignore,Git configuration,80+,✅ Complete
GITHUB_SETUP.md,GitHub setup guide,300+,✅ Complete
DEPLOYMENT_SUMMARY.md,Deployment overview,250+,✅ Complete
